[{"name": "A Friendship Revolution with Rhaina Cohen", "podcast_name": "What Now? with Trevor Noah", "podcast_uri": "spotify:show:122imavATqSE7eCyXIcqZL", "podcast_id": "122imavATqSE7eCyXIcqZL", "release_date": "5/02/24", "duration": 51, "uri": "spotify:episode:2T9MigKPyg21TWR3juW4z5", "image": "https://i.scdn.co/image/ab67656300005f1f1426bf2a361283f74f57d3c9"}, {"name": "CZM Rewind: Part Two: Savitri Devi The Woman Who Turned Nazism into a Religion", "podcast_name": "Behind the Bastards", "podcast_uri": "spotify:show:0rOatMqaG3wB5BF4AdsrSX", "podcast_id": "0rOatMqaG3wB5BF4AdsrSX", "release_date": "5/02/24", "duration": 65, "uri": "spotify:episode:6vgfPwSCTa4Zhy6YjUewbZ", "image": "https://i.scdn.co/image/ab67656300005f1f924810d8d6c548c913b44551"}, {"name": "What Made Classical Greece Special? Interview with Professor Josiah Ober", "podcast_name": "Tides of History", "podcast_uri": "spotify:show:5HfIy3oLUOVwxMiCTi2Qos", "podcast_id": "5HfIy3oLUOVwxMiCTi2Qos", "release_date": "5/02/24", "duration": 56, "uri": "spotify:episode:02h8MHc0szHZ3GNXcNQAke", "image": "https://i.scdn.co/image/ab67656300005f1fa1e7e20c17d3a9f14cc85475"}, {"name": "Cocaine Fort", "podcast_name": "Shutdown Fullcast", "podcast_uri": "spotify:show:4RnuFiR6Q2AJovur2vLTvE", "podcast_id": "4RnuFiR6Q2AJovur2vLTvE", "release_date": "5/01/24", "duration": 66, "uri": "spotify:episode:7GFIGgWLL5XdUApUpet91L", "image": "https://i.scdn.co/image/ab67656300005f1f7452a17142f740f5d24cc801"}, {"name": "Dr. Thema Bryant: Can Religious Trauma be Healed?", "podcast_name": "Soul Boom", "podcast_uri": "spotify:show:3IcR07iNbmI7rZiuJpi32d", "podcast_id": "3IcR07iNbmI7rZiuJpi32d", "release_date": "4/30/24", "duration": 62, "uri": "spotify:episode:3bxqdAe25zsVMhsk2ONPL4", "image": "https://i.scdn.co/image/ab67656300005f1f5126803616f40573e21888c5"}, {"name": "CZM Rewind: Part One: Savitri Devi The Woman Who Turned Nazism into a Religion", "podcast_name": "Behind the Bastards", "podcast_uri": "spotify:show:0rOatMqaG3wB5BF4AdsrSX", "podcast_id": "0rOatMqaG3wB5BF4AdsrSX", "release_date": "4/30/24", "duration": 91, "uri": "spotify:episode:6qRgq42NgTE2WHE6VCuay8", "image": "https://i.scdn.co/image/ab67656300005f1f924810d8d6c548c913b44551"}, {"name": "Episode #202- What Was the Great East Asian War? (Part II)", "podcast_name": "Our Fake History", "podcast_uri": "spotify:show:3Lk9LufHHM9AzVoyYvcI7R", "podcast_id": "3Lk9LufHHM9AzVoyYvcI7R", "release_date": "4/30/24", "duration": 88, "uri": "spotify:episode:6N4okeVzuMva1mssnnaoWC", "image": "https://i.scdn.co/image/08a10196e89555fd4d8d6045711256726cc4a078"}, {"name": "631 - Dick Fellows", "podcast_name": "The Dollop with Dave Anthony and Gareth Reynolds", "podcast_uri": "spotify:show:3m9c2ibJOYiigvVuswYSgU", "podcast_id": "3m9c2ibJOYiigvVuswYSgU", "release_date": "4/30/24", "duration": 87, "uri": "spotify:episode:2u7fSVVVmrQP0BVNNppOif", "image": "https://i.scdn.co/image/ab67656300005f1f4f13a929f01312b1cf7b7d6a"}, {"name": "It Could Happen Here Weekly 128", "podcast_name": "Behind the Bastards", "podcast_uri": "spotify:show:0rOatMqaG3wB5BF4AdsrSX", "podcast_id": "0rOatMqaG3wB5BF4AdsrSX", "release_date": "4/27/24", "duration": 162, "uri": "spotify:episode:3tTpE1AGUUTIrbgo4Tu9S2", "image": "https://i.scdn.co/image/ab67656300005f1f924810d8d6c548c913b44551"}, {"name": "72 - The Past Times with Skyler Higley", "podcast_name": "The Dollop with Dave Anthony and Gareth Reynolds", "podcast_uri": "spotify:show:3m9c2ibJOYiigvVuswYSgU", "podcast_id": "3m9c2ibJOYiigvVuswYSgU", "release_date": "4/26/24", "duration": 70, "uri": "spotify:episode:5gBV1isYRKxJgKLZzoYkB0", "image": "https://i.scdn.co/image/ab67656300005f1f4f13a929f01312b1cf7b7d6a"}, {"name": "A Case for Compassion", "podcast_name": "What Now? with Trevor Noah", "podcast_uri": "spotify:show:122imavATqSE7eCyXIcqZL", "podcast_id": "122imavATqSE7eCyXIcqZL", "release_date": "4/25/24", "duration": 54, "uri": "spotify:episode:0DrfYwNcr48Hjk9aiO0nDm", "image": "https://i.scdn.co/image/ab67656300005f1f1426bf2a361283f74f57d3c9"}, {"name": "Part Two: The Bastards of Forensic Science", "podcast_name": "Behind the Bastards", "podcast_uri": "spotify:show:0rOatMqaG3wB5BF4AdsrSX", "podcast_id": "0rOatMqaG3wB5BF4AdsrSX", "release_date": "4/25/24", "duration": 90, "uri": "spotify:episode:55KpDA00H3ZJ0H6LoR6qrZ", "image": "https://i.scdn.co/image/ab67656300005f1f924810d8d6c548c913b44551"}, {"name": "Warlords, War, and Society in Early Rome: Interview with Professor Jeremy Armstrong", "podcast_name": "Tides of History", "podcast_uri": "spotify:show:5HfIy3oLUOVwxMiCTi2Qos", "podcast_id": "5HfIy3oLUOVwxMiCTi2Qos", "release_date": "4/25/24", "duration": 67, "uri": "spotify:episode:7ak2kSW9Dr2g5aV947wHlJ", "image": "https://i.scdn.co/image/ab67656300005f1fa1e7e20c17d3a9f14cc85475"}, {"name": "Some Of History's Greatest Horses Were Lost In The Flow Of Time / 2024 NFL Draft Mock", "podcast_name": "Shutdown Fullcast", "podcast_uri": "spotify:show:4RnuFiR6Q2AJovur2vLTvE", "podcast_id": "4RnuFiR6Q2AJovur2vLTvE", "release_date": "4/24/24", "duration": 73, "uri": "spotify:episode:4bUGVfsdfcEBdu0hfbLU4O", "image": "https://i.scdn.co/image/ab67656300005f1f7452a17142f740f5d24cc801"}, {"name": "Angela Kinsey & Rainn Wilson Go Deep! (That's What She Said)", "podcast_name": "Soul Boom", "podcast_uri": "spotify:show:3IcR07iNbmI7rZiuJpi32d", "podcast_id": "3IcR07iNbmI7rZiuJpi32d", "release_date": "4/23/24", "duration": 57, "uri": "spotify:episode:0jOAlS54ax3AtnZ3k5Qw9Z", "image": "https://i.scdn.co/image/ab67656300005f1f5126803616f40573e21888c5"}, {"name": "Part One: The Bastards of Forensic Science", "podcast_name": "Behind the Bastards", "podcast_uri": "spotify:show:0rOatMqaG3wB5BF4AdsrSX", "podcast_id": "0rOatMqaG3wB5BF4AdsrSX", "release_date": "4/23/24", "duration": 81, "uri": "spotify:episode:0boPkh3ej6FoxNOgKTtaOz", "image": "https://i.scdn.co/image/ab67656300005f1f924810d8d6c548c913b44551"}, {"name": "630 - Ganna Walska", "podcast_name": "The Dollop with Dave Anthony and Gareth Reynolds", "podcast_uri": "spotify:show:3m9c2ibJOYiigvVuswYSgU", "podcast_id": "3m9c2ibJOYiigvVuswYSgU", "release_date": "4/23/24", "duration": 87, "uri": "spotify:episode:2WH7YTBSkDYCFwN8y398mS", "image": "https://i.scdn.co/image/ab67656300005f1f4f13a929f01312b1cf7b7d6a"}, {"name": "Listen Now: The Price of Paradise", "podcast_name": "Tides of History", "podcast_uri": "spotify:show:5HfIy3oLUOVwxMiCTi2Qos", "podcast_id": "5HfIy3oLUOVwxMiCTi2Qos", "release_date": "4/21/24", "duration": 7, "uri": "spotify:episode:3USzXxNPOoihMuAbrLpwRq", "image": "https://i.scdn.co/image/ab67656300005f1fa1e7e20c17d3a9f14cc85475"}, {"name": "It Could Happen Here Weekly 127", "podcast_name": "Behind the Bastards", "podcast_uri": "spotify:show:0rOatMqaG3wB5BF4AdsrSX", "podcast_id": "0rOatMqaG3wB5BF4AdsrSX", "release_date": "4/20/24", "duration": 226, "uri": "spotify:episode:4UJKWqeBdR6BEBd2xhpMWJ", "image": "https://i.scdn.co/image/ab67656300005f1f924810d8d6c548c913b44551"}, {"name": "Orlando Bloom [VIDEO]", "podcast_name": "What Now? with Trevor Noah", "podcast_uri": "spotify:show:122imavATqSE7eCyXIcqZL", "podcast_id": "122imavATqSE7eCyXIcqZL", "release_date": "4/18/24", "duration": 53, "uri": "spotify:episode:1eXFwww7kPWizecy1jcWVd", "image": "https://i.scdn.co/image/ab67656300005f1f1426bf2a361283f74f57d3c9"}, {"name": "Part Four: Beria: Stalin's Pedophile Cop & the Soviet Oppenheimer", "podcast_name": "Behind the Bastards", "podcast_uri": "spotify:show:0rOatMqaG3wB5BF4AdsrSX", "podcast_id": "0rOatMqaG3wB5BF4AdsrSX", "release_date": "4/18/24", "duration": 92, "uri": "spotify:episode:6igY64yHYRgYukXp98uHTR", "image": "https://i.scdn.co/image/ab67656300005f1f924810d8d6c548c913b44551"}, {"name": "Classical Greece", "podcast_name": "Tides of History", "podcast_uri": "spotify:show:5HfIy3oLUOVwxMiCTi2Qos", "podcast_id": "5HfIy3oLUOVwxMiCTi2Qos", "release_date": "4/18/24", "duration": 44, "uri": "spotify:episode:5prF9b19WrxzLwNnpq6knN", "image": "https://i.scdn.co/image/ab67656300005f1fa1e7e20c17d3a9f14cc85475"}, {"name": "71 - The Past Times with Lisa Curry", "podcast_name": "The Dollop with Dave Anthony and Gareth Reynolds", "podcast_uri": "spotify:show:3m9c2ibJOYiigvVuswYSgU", "podcast_id": "3m9c2ibJOYiigvVuswYSgU", "release_date": "4/18/24", "duration": 56, "uri": "spotify:episode:7L4AYreoe7zHBIzN4nnGE4", "image": "https://i.scdn.co/image/ab67656300005f1f4f13a929f01312b1cf7b7d6a"}, {"name": "Episode #201- What Was the Great East Asian War? (Part I)", "podcast_name": "Our Fake History", "podcast_uri": "spotify:show:3Lk9LufHHM9AzVoyYvcI7R", "podcast_id": "3Lk9LufHHM9AzVoyYvcI7R", "release_date": "4/17/24", "duration": 79, "uri": "spotify:episode:1PFy8l3HOGJ06rMUnsnk4j", "image": "https://i.scdn.co/image/08a10196e89555fd4d8d6045711256726cc4a078"}, {"name": "Peahead Walker Presents: Smuckles vs. Wolfman", "podcast_name": "Shutdown Fullcast", "podcast_uri": "spotify:show:4RnuFiR6Q2AJovur2vLTvE", "podcast_id": "4RnuFiR6Q2AJovur2vLTvE", "release_date": "4/17/24", "duration": 79, "uri": "spotify:episode:1zSQCeq9fQq4hdlUX8A3pF", "image": "https://i.scdn.co/image/ab67656300005f1f7452a17142f740f5d24cc801"}, {"name": "Jonathan Haidt: Can Gen Z Survive?", "podcast_name": "Soul Boom", "podcast_uri": "spotify:show:3IcR07iNbmI7rZiuJpi32d", "podcast_id": "3IcR07iNbmI7rZiuJpi32d", "release_date": "4/16/24", "duration": 85, "uri": "spotify:episode:7t3OoIIN6bssGtwaJVDO4o", "image": "https://i.scdn.co/image/ab67656300005f1f5126803616f40573e21888c5"}, {"name": "Part Three: Beria: Stalin's Pedophile Cop & the Soviet Oppenheimer", "podcast_name": "Behind the Bastards", "podcast_uri": "spotify:show:0rOatMqaG3wB5BF4AdsrSX", "podcast_id": "0rOatMqaG3wB5BF4AdsrSX", "release_date": "4/16/24", "duration": 64, "uri": "spotify:episode:2vNylHrRtcXcS6OeMNwbqu", "image": "https://i.scdn.co/image/ab67656300005f1f924810d8d6c548c913b44551"}, {"name": "629 - Seaman Daniel Collins", "podcast_name": "The Dollop with Dave Anthony and Gareth Reynolds", "podcast_uri": "spotify:show:3m9c2ibJOYiigvVuswYSgU", "podcast_id": "3m9c2ibJOYiigvVuswYSgU", "release_date": "4/16/24", "duration": 73, "uri": "spotify:episode:2dyaFUjcn7FWtE0BFwdydW", "image": "https://i.scdn.co/image/ab67656300005f1f4f13a929f01312b1cf7b7d6a"}, {"name": "119 - Indonesia's Defence Dilemma", "podcast_name": "The Red Line", "podcast_uri": "spotify:show:22smMRbnKv1fFzqnz5Ty1L", "podcast_id": "22smMRbnKv1fFzqnz5Ty1L", "release_date": "4/15/24", "duration": 71, "uri": "spotify:episode:64o5C4VIZ8WrZsAFHReHdf", "image": "https://i.scdn.co/image/ab67656300005f1fde9cd2264786420ed52e4205"}, {"name": "70 - The Past Times with Nate Craig", "podcast_name": "The Dollop with Dave Anthony and Gareth Reynolds", "podcast_uri": "spotify:show:3m9c2ibJOYiigvVuswYSgU", "podcast_id": "3m9c2ibJOYiigvVuswYSgU", "release_date": "4/12/24", "duration": 59, "uri": "spotify:episode:68YNF79Gq0N5Mm3vJ4L0Q7", "image": "https://i.scdn.co/image/ab67656300005f1f4f13a929f01312b1cf7b7d6a"}, {"name": "Trevor and Friends: We Have Found Inner Peace [VIDEO]", "podcast_name": "What Now? with Trevor Noah", "podcast_uri": "spotify:show:122imavATqSE7eCyXIcqZL", "podcast_id": "122imavATqSE7eCyXIcqZL", "release_date": "4/11/24", "duration": 48, "uri": "spotify:episode:32ZZda6azRf9zuFjOmwZ1z", "image": "https://i.scdn.co/image/ab67656300005f1f1426bf2a361283f74f57d3c9"}, {"name": "Carthage, Syracuse, and the Battle for Sicily", "podcast_name": "Tides of History", "podcast_uri": "spotify:show:5HfIy3oLUOVwxMiCTi2Qos", "podcast_id": "5HfIy3oLUOVwxMiCTi2Qos", "release_date": "4/11/24", "duration": 45, "uri": "spotify:episode:6Abpx4umcJs8LSMYVE05ZC", "image": "https://i.scdn.co/image/ab67656300005f1fa1e7e20c17d3a9f14cc85475"}, {"name": "OFH Throwback- Episode #4- Real Ninjas?", "podcast_name": "Our Fake History", "podcast_uri": "spotify:show:3Lk9LufHHM9AzVoyYvcI7R", "podcast_id": "3Lk9LufHHM9AzVoyYvcI7R", "release_date": "4/10/24", "duration": 45, "uri": "spotify:episode:4ySU3ERGKAQ7qYwKIFdgnu", "image": "https://i.scdn.co/image/08a10196e89555fd4d8d6045711256726cc4a078"}, {"name": "Spring is Sprung: Embrace The Erotic Pitt Mindset", "podcast_name": "Shutdown Fullcast", "podcast_uri": "spotify:show:4RnuFiR6Q2AJovur2vLTvE", "podcast_id": "4RnuFiR6Q2AJovur2vLTvE", "release_date": "4/10/24", "duration": 95, "uri": "spotify:episode:43e861J1I1CYhsYB6LUV6b", "image": "https://i.scdn.co/image/ab67656300005f1f7452a17142f740f5d24cc801"}, {"name": "Rick Glassman: Is God Not Cool in Comedy?", "podcast_name": "Soul Boom", "podcast_uri": "spotify:show:3IcR07iNbmI7rZiuJpi32d", "podcast_id": "3IcR07iNbmI7rZiuJpi32d", "release_date": "4/09/24", "duration": 93, "uri": "spotify:episode:2buADO56Z9P5z2zCzmopYa", "image": "https://i.scdn.co/image/ab67656300005f1f5126803616f40573e21888c5"}, {"name": "628 -  Katherine Tingley and Theosophy - live", "podcast_name": "The Dollop with Dave Anthony and Gareth Reynolds", "podcast_uri": "spotify:show:3m9c2ibJOYiigvVuswYSgU", "podcast_id": "3m9c2ibJOYiigvVuswYSgU", "release_date": "4/09/24", "duration": 90, "uri": "spotify:episode:20cB7ZpXvcKCXRMSzIVwho", "image": "https://i.scdn.co/image/ab67656300005f1f4f13a929f01312b1cf7b7d6a"}, {"name": "69 - The Past Times with Jon Dore", "podcast_name": "The Dollop with Dave Anthony and Gareth Reynolds", "podcast_uri": "spotify:show:3m9c2ibJOYiigvVuswYSgU", "podcast_id": "3m9c2ibJOYiigvVuswYSgU", "release_date": "4/06/24", "duration": 65, "uri": "spotify:episode:34KIzTKT0cUgUwqgm7i51g", "image": "https://i.scdn.co/image/ab67656300005f1f4f13a929f01312b1cf7b7d6a"}, {"name": "Trevor and Friends: Our Weirdest Thought Experiments", "podcast_name": "What Now? with Trevor Noah", "podcast_uri": "spotify:show:122imavATqSE7eCyXIcqZL", "podcast_id": "122imavATqSE7eCyXIcqZL", "release_date": "4/04/24", "duration": 48, "uri": "spotify:episode:1QR6p6XxpxbAQ1qoJeGXgT", "image": "https://i.scdn.co/image/ab67656300005f1f1426bf2a361283f74f57d3c9"}, {"name": "The Archaeology of the Indus Valley Civilization: Interview with Professor Cameron Petrie", "podcast_name": "Tides of History", "podcast_uri": "spotify:show:5HfIy3oLUOVwxMiCTi2Qos", "podcast_id": "5HfIy3oLUOVwxMiCTi2Qos", "release_date": "4/04/24", "duration": 62, "uri": "spotify:episode:4yDCfwLM7jyrSZtLIciP8c", "image": "https://i.scdn.co/image/ab67656300005f1fa1e7e20c17d3a9f14cc85475"}, {"name": "The Graceful Aging Episode", "podcast_name": "Shutdown Fullcast", "podcast_uri": "spotify:show:4RnuFiR6Q2AJovur2vLTvE", "podcast_id": "4RnuFiR6Q2AJovur2vLTvE", "release_date": "4/03/24", "duration": 69, "uri": "spotify:episode:6KUdtMHqyXoJAegr18wXFV", "image": "https://i.scdn.co/image/ab67656300005f1f7452a17142f740f5d24cc801"}, {"name": "Episode #200- Can I Ask Who's Calling?", "podcast_name": "Our Fake History", "podcast_uri": "spotify:show:3Lk9LufHHM9AzVoyYvcI7R", "podcast_id": "3Lk9LufHHM9AzVoyYvcI7R", "release_date": "4/02/24", "duration": 82, "uri": "spotify:episode:1g6rIZM0BpQPVFbfOpBJg5", "image": "https://i.scdn.co/image/08a10196e89555fd4d8d6045711256726cc4a078"}, {"name": "118 - Wargaming: San Marino vs. Italy", "podcast_name": "The Red Line", "podcast_uri": "spotify:show:22smMRbnKv1fFzqnz5Ty1L", "podcast_id": "22smMRbnKv1fFzqnz5Ty1L", "release_date": "3/31/24", "duration": 16, "uri": "spotify:episode:3Wdpiq1qZqXKeVlDXYIRZ4", "image": "https://i.scdn.co/image/ab67656300005f1fde9cd2264786420ed52e4205"}, {"name": "Trevor and Friends: Rainn Wilson and the Meaning of Life", "podcast_name": "What Now? with Trevor Noah", "podcast_uri": "spotify:show:122imavATqSE7eCyXIcqZL", "podcast_id": "122imavATqSE7eCyXIcqZL", "release_date": "3/28/24", "duration": 47, "uri": "spotify:episode:0qgzPsOiGwL80NPIqSKuaV", "image": "https://i.scdn.co/image/ab67656300005f1f1426bf2a361283f74f57d3c9"}, {"name": "The Rise of Carthage", "podcast_name": "Tides of History", "podcast_uri": "spotify:show:5HfIy3oLUOVwxMiCTi2Qos", "podcast_id": "5HfIy3oLUOVwxMiCTi2Qos", "release_date": "3/28/24", "duration": 46, "uri": "spotify:episode:5tce28C0Kjr2ENffLGYS3V", "image": "https://i.scdn.co/image/ab67656300005f1fa1e7e20c17d3a9f14cc85475"}, {"name": "OFH Throwback- Episode #128- Did St. Patrick Kill a Wizard?", "podcast_name": "Our Fake History", "podcast_uri": "spotify:show:3Lk9LufHHM9AzVoyYvcI7R", "podcast_id": "3Lk9LufHHM9AzVoyYvcI7R", "release_date": "3/27/24", "duration": 73, "uri": "spotify:episode:3VC1jOmyofbVoXlpEWXwrZ", "image": "https://i.scdn.co/image/08a10196e89555fd4d8d6045711256726cc4a078"}, {"name": "Garbage Monster Force Ghost", "podcast_name": "Shutdown Fullcast", "podcast_uri": "spotify:show:4RnuFiR6Q2AJovur2vLTvE", "podcast_id": "4RnuFiR6Q2AJovur2vLTvE", "release_date": "3/27/24", "duration": 94, "uri": "spotify:episode:5pbEk7g7tczFoUwqoSOS7t", "image": "https://i.scdn.co/image/ab67656300005f1f7452a17142f740f5d24cc801"}, {"name": "117 - Equipping Your Insurgency: A Guide to the Small Arms Market", "podcast_name": "The Red Line", "podcast_uri": "spotify:show:22smMRbnKv1fFzqnz5Ty1L", "podcast_id": "22smMRbnKv1fFzqnz5Ty1L", "release_date": "3/25/24", "duration": 69, "uri": "spotify:episode:6xUbsTdiDkkjSiZkEtAAWm", "image": "https://i.scdn.co/image/ab67656300005f1fde9cd2264786420ed52e4205"}, {"name": "Trevor and Friends (Who Definitely Aren\u2019t Conspiracy Theorists)", "podcast_name": "What Now? with Trevor Noah", "podcast_uri": "spotify:show:122imavATqSE7eCyXIcqZL", "podcast_id": "122imavATqSE7eCyXIcqZL", "release_date": "3/21/24", "duration": 47, "uri": "spotify:episode:0xnu9p4yXuMwmXf4pD9MDU", "image": "https://i.scdn.co/image/ab67656300005f1f1426bf2a361283f74f57d3c9"}, {"name": "The Mediterranean World in 500 BC", "podcast_name": "Tides of History", "podcast_uri": "spotify:show:5HfIy3oLUOVwxMiCTi2Qos", "podcast_id": "5HfIy3oLUOVwxMiCTi2Qos", "release_date": "3/21/24", "duration": 46, "uri": "spotify:episode:59K7vIaA2iCxNkiI7DutFy", "image": "https://i.scdn.co/image/ab67656300005f1fa1e7e20c17d3a9f14cc85475"}, {"name": "Fatal AttrACCtion: Clemson Goes A-Courtin\u2019", "podcast_name": "Shutdown Fullcast", "podcast_uri": "spotify:show:4RnuFiR6Q2AJovur2vLTvE", "podcast_id": "4RnuFiR6Q2AJovur2vLTvE", "release_date": "3/20/24", "duration": 75, "uri": "spotify:episode:6QdiY15DMttahdkC73w0KN", "image": "https://i.scdn.co/image/ab67656300005f1f7452a17142f740f5d24cc801"}, {"name": "Episode #199- Was the Spanish Armada a Big Deal? (Part II)", "podcast_name": "Our Fake History", "podcast_uri": "spotify:show:3Lk9LufHHM9AzVoyYvcI7R", "podcast_id": "3Lk9LufHHM9AzVoyYvcI7R", "release_date": "3/19/24", "duration": 97, "uri": "spotify:episode:1aJPKQFZgxNkg57PFoxF4D", "image": "https://i.scdn.co/image/08a10196e89555fd4d8d6045711256726cc4a078"}, {"name": "Welcome to Soul Boom | Official Podcast Trailer", "podcast_name": "Soul Boom", "podcast_uri": "spotify:show:3IcR07iNbmI7rZiuJpi32d", "podcast_id": "3IcR07iNbmI7rZiuJpi32d", "release_date": "3/17/24", "duration": 2, "uri": "spotify:episode:68MFn80psIH2qYJhF1rhTc", "image": "https://i.scdn.co/image/ab67656300005f1f5126803616f40573e21888c5"}, {"name": "Trevor and Friends: TikTok, Boeing, and the Subway", "podcast_name": "What Now? with Trevor Noah", "podcast_uri": "spotify:show:122imavATqSE7eCyXIcqZL", "podcast_id": "122imavATqSE7eCyXIcqZL", "release_date": "3/14/24", "duration": 43, "uri": "spotify:episode:7fnzMxV43aY970rh5gWWtS", "image": "https://i.scdn.co/image/ab67656300005f1f1426bf2a361283f74f57d3c9"}, {"name": "We're Gonna Pave The Ocean", "podcast_name": "Shutdown Fullcast", "podcast_uri": "spotify:show:4RnuFiR6Q2AJovur2vLTvE", "podcast_id": "4RnuFiR6Q2AJovur2vLTvE", "release_date": "3/13/24", "duration": 80, "uri": "spotify:episode:4KxXtIGz8jmvktUoNSULix", "image": "https://i.scdn.co/image/ab67656300005f1f7452a17142f740f5d24cc801"}, {"name": "Upcoming Anniversary Announcement", "podcast_name": "HI101", "podcast_uri": "spotify:show:0s73XXSzFfyvcjMwkROmtV", "podcast_id": "0s73XXSzFfyvcjMwkROmtV", "release_date": "3/09/24", "duration": 5, "uri": "spotify:episode:3F9EGDXs9LLINcNZuBIjVV", "image": "https://i.scdn.co/image/3f063b1f0bc9ee9778618ae245fc4a1e61a591d4"}, {"name": "116 - Haiti: Cauldron of the Caribbean", "podcast_name": "The Red Line", "podcast_uri": "spotify:show:22smMRbnKv1fFzqnz5Ty1L", "podcast_id": "22smMRbnKv1fFzqnz5Ty1L", "release_date": "3/07/24", "duration": 78, "uri": "spotify:episode:0TlgqBhlm4R3FgUQNuzfT8", "image": "https://i.scdn.co/image/ab67656300005f1fde9cd2264786420ed52e4205"}, {"name": "Episode #198- Was the Spanish Armada a Big Deal? (Part I)", "podcast_name": "Our Fake History", "podcast_uri": "spotify:show:3Lk9LufHHM9AzVoyYvcI7R", "podcast_id": "3Lk9LufHHM9AzVoyYvcI7R", "release_date": "3/06/24", "duration": 76, "uri": "spotify:episode:5jfJtELCRMy5TVc31y0275", "image": "https://i.scdn.co/image/08a10196e89555fd4d8d6045711256726cc4a078"}, {"name": "OFH Throwback- Episode #1- Was Queen Elizabeth Actually a Man?", "podcast_name": "Our Fake History", "podcast_uri": "spotify:show:3Lk9LufHHM9AzVoyYvcI7R", "podcast_id": "3Lk9LufHHM9AzVoyYvcI7R", "release_date": "2/28/24", "duration": 33, "uri": "spotify:episode:22eezZRH0pKRNfilr8aihG", "image": "https://i.scdn.co/image/08a10196e89555fd4d8d6045711256726cc4a078"}, {"name": "115 - The Future of Nuclear Warfare", "podcast_name": "The Red Line", "podcast_uri": "spotify:show:22smMRbnKv1fFzqnz5Ty1L", "podcast_id": "22smMRbnKv1fFzqnz5Ty1L", "release_date": "2/22/24", "duration": 68, "uri": "spotify:episode:0rnEKD5URC6jfuqURQbXzI", "image": "https://i.scdn.co/image/ab67656300005f1fde9cd2264786420ed52e4205"}, {"name": "114 - Poland: Europe's Eastern Shield", "podcast_name": "The Red Line", "podcast_uri": "spotify:show:22smMRbnKv1fFzqnz5Ty1L", "podcast_id": "22smMRbnKv1fFzqnz5Ty1L", "release_date": "2/09/24", "duration": 72, "uri": "spotify:episode:5yUl5n7ADMf419FiVoTvwJ", "image": "https://i.scdn.co/image/ab67656300005f1fde9cd2264786420ed52e4205"}, {"name": "146. The English Revolution (Part 2)", "podcast_name": "HI101", "podcast_uri": "spotify:show:0s73XXSzFfyvcjMwkROmtV", "podcast_id": "0s73XXSzFfyvcjMwkROmtV", "release_date": "2/04/24", "duration": 130, "uri": "spotify:episode:6ZgM2PAbXRVrt1PaLSbO2J", "image": "https://i.scdn.co/image/3f063b1f0bc9ee9778618ae245fc4a1e61a591d4"}, {"name": "113 - Can India Replace China in the Global Supply Chain?", "podcast_name": "The Red Line", "podcast_uri": "spotify:show:22smMRbnKv1fFzqnz5Ty1L", "podcast_id": "22smMRbnKv1fFzqnz5Ty1L", "release_date": "1/23/24", "duration": 84, "uri": "spotify:episode:3NpCmkECujAVBs250ssPO6", "image": "https://i.scdn.co/image/ab67656300005f1fde9cd2264786420ed52e4205"}, {"name": "112 - Russia's Six Fleets: A Sinking Superpower", "podcast_name": "The Red Line", "podcast_uri": "spotify:show:22smMRbnKv1fFzqnz5Ty1L", "podcast_id": "22smMRbnKv1fFzqnz5Ty1L", "release_date": "1/09/24", "duration": 77, "uri": "spotify:episode:6DVqoiDOUUPybPLr1Sln9U", "image": "https://i.scdn.co/image/ab67656300005f1fde9cd2264786420ed52e4205"}, {"name": "Championship Weekend College Football Recap And Day-Old Bread Emporium", "podcast_name": "Fullcast After Dark", "podcast_uri": "spotify:show:2YPCDx0DdEY157zKDYk8Ox", "podcast_id": "2YPCDx0DdEY157zKDYk8Ox", "release_date": "12/03/23", "duration": 88, "uri": "spotify:episode:76vZeJKoOLbRXAbRYKrixp", "image": "https://i.scdn.co/image/ab67656300005f1f9f0208ff3f5cba87d1eb7bba"}, {"name": "Week 13 College Football Recap: Sexy Commodores In Your Area", "podcast_name": "Fullcast After Dark", "podcast_uri": "spotify:show:2YPCDx0DdEY157zKDYk8Ox", "podcast_id": "2YPCDx0DdEY157zKDYk8Ox", "release_date": "11/26/23", "duration": 108, "uri": "spotify:episode:46pEPGihlUzrWJk5kFfiJX", "image": "https://i.scdn.co/image/ab67656300005f1f9f0208ff3f5cba87d1eb7bba"}, {"name": "Week 12 College Football Recap: Auburn Lost To New Mexico State", "podcast_name": "Fullcast After Dark", "podcast_uri": "spotify:show:2YPCDx0DdEY157zKDYk8Ox", "podcast_id": "2YPCDx0DdEY157zKDYk8Ox", "release_date": "11/19/23", "duration": 84, "uri": "spotify:episode:1ERGpt4WULSqbe2XmrRAN1", "image": "https://i.scdn.co/image/ab67656300005f1f9f0208ff3f5cba87d1eb7bba"}, {"name": "Show 70 - Twilight of the Aesir II", "podcast_name": "Dan Carlin's Hardcore History", "podcast_uri": "spotify:show:72qiPaoDRf8HkGKEChvG5q", "podcast_id": "72qiPaoDRf8HkGKEChvG5q", "release_date": "11/19/23", "duration": 383, "uri": "spotify:episode:5EgvwZM3UiXXZnjseJuaYi", "image": "https://i.scdn.co/image/ab67656300005f1f7c6cd58cabc70f9747a86441"}, {"name": "Week 11 College Football Recap: Bleeding Crying Cussing Praying Michigan", "podcast_name": "Fullcast After Dark", "podcast_uri": "spotify:show:2YPCDx0DdEY157zKDYk8Ox", "podcast_id": "2YPCDx0DdEY157zKDYk8Ox", "release_date": "11/12/23", "duration": 67, "uri": "spotify:episode:3JDwV7Jm5qqQ5vp8nRDRsJ", "image": "https://i.scdn.co/image/ab67656300005f1f9f0208ff3f5cba87d1eb7bba"}, {"name": "Week 10 College Football Recap: Guest Starring Connor Stalions (Probably?)", "podcast_name": "Fullcast After Dark", "podcast_uri": "spotify:show:2YPCDx0DdEY157zKDYk8Ox", "podcast_id": "2YPCDx0DdEY157zKDYk8Ox", "release_date": "11/05/23", "duration": 69, "uri": "spotify:episode:1rMKtLEPsgstxwQq1rF5wD", "image": "https://i.scdn.co/image/ab67656300005f1f9f0208ff3f5cba87d1eb7bba"}, {"name": "Week 9 College Football Recap: The ACC Saved Halloween", "podcast_name": "Fullcast After Dark", "podcast_uri": "spotify:show:2YPCDx0DdEY157zKDYk8Ox", "podcast_id": "2YPCDx0DdEY157zKDYk8Ox", "release_date": "10/29/23", "duration": 86, "uri": "spotify:episode:342H8anCplQshek1DIiqfS", "image": "https://i.scdn.co/image/ab67656300005f1f9f0208ff3f5cba87d1eb7bba"}, {"name": "Week 8 College Football Recap / Somehow Also \u201cThe Horny Episode\u201d", "podcast_name": "Fullcast After Dark", "podcast_uri": "spotify:show:2YPCDx0DdEY157zKDYk8Ox", "podcast_id": "2YPCDx0DdEY157zKDYk8Ox", "release_date": "10/22/23", "duration": 78, "uri": "spotify:episode:5gJCBoPRNFBNdxTGqqBEQ7", "image": "https://i.scdn.co/image/ab67656300005f1f9f0208ff3f5cba87d1eb7bba"}, {"name": "WEEK 7 COLLEGE FOOTBALL RECAP: The Dogcast feat. Carl Panthers", "podcast_name": "Fullcast After Dark", "podcast_uri": "spotify:show:2YPCDx0DdEY157zKDYk8Ox", "podcast_id": "2YPCDx0DdEY157zKDYk8Ox", "release_date": "10/15/23", "duration": 98, "uri": "spotify:episode:4vECTubHBBAUCM7Cdhivqt", "image": "https://i.scdn.co/image/ab67656300005f1f9f0208ff3f5cba87d1eb7bba"}, {"name": "7: We\u2019re Dealing with Michael Jordan", "podcast_name": "We're Here to Help", "podcast_uri": "spotify:show:4J3UybFDArcDcxJPKj0OyH", "podcast_id": "4J3UybFDArcDcxJPKj0OyH", "release_date": "9/08/23", "duration": 35, "uri": "spotify:episode:2y3pcCJVS0oG6MNWzUIZMO", "image": "https://i.scdn.co/image/ab67656300005f1f26dd40d93d25a0e50dc8a60e"}, {"name": "6: Winning the Prom Dance with Zooey Deschanel", "podcast_name": "We're Here to Help", "podcast_uri": "spotify:show:4J3UybFDArcDcxJPKj0OyH", "podcast_id": "4J3UybFDArcDcxJPKj0OyH", "release_date": "9/05/23", "duration": 40, "uri": "spotify:episode:2iQwGEEEDj56AvrwkPyziR", "image": "https://i.scdn.co/image/ab67656300005f1f26dd40d93d25a0e50dc8a60e"}, {"name": "5: Find Your Goblin", "podcast_name": "We're Here to Help", "podcast_uri": "spotify:show:4J3UybFDArcDcxJPKj0OyH", "podcast_id": "4J3UybFDArcDcxJPKj0OyH", "release_date": "9/01/23", "duration": 31, "uri": "spotify:episode:7vEH3JhBErOGFjUVjtUbZH", "image": "https://i.scdn.co/image/ab67656300005f1f26dd40d93d25a0e50dc8a60e"}, {"name": "4: Don\u2019t Call it Body Lotion with Lamorne Morris", "podcast_name": "We're Here to Help", "podcast_uri": "spotify:show:4J3UybFDArcDcxJPKj0OyH", "podcast_id": "4J3UybFDArcDcxJPKj0OyH", "release_date": "8/29/23", "duration": 30, "uri": "spotify:episode:0l9MqrESrPZIb7fsjDZ4FZ", "image": "https://i.scdn.co/image/ab67656300005f1f26dd40d93d25a0e50dc8a60e"}, {"name": "3: Please Mute Him", "podcast_name": "We're Here to Help", "podcast_uri": "spotify:show:4J3UybFDArcDcxJPKj0OyH", "podcast_id": "4J3UybFDArcDcxJPKj0OyH", "release_date": "8/28/23", "duration": 39, "uri": "spotify:episode:3CEgOeS3dQYaGOhg93bdHY", "image": "https://i.scdn.co/image/ab67656300005f1f26dd40d93d25a0e50dc8a60e"}, {"name": "2: The Santa Dilemma", "podcast_name": "We're Here to Help", "podcast_uri": "spotify:show:4J3UybFDArcDcxJPKj0OyH", "podcast_id": "4J3UybFDArcDcxJPKj0OyH", "release_date": "8/25/23", "duration": 38, "uri": "spotify:episode:0gWRKEJXdOaeip6Xg9ZPSC", "image": "https://i.scdn.co/image/ab67656300005f1f26dd40d93d25a0e50dc8a60e"}, {"name": "1: The Quest of Wilhelmina", "podcast_name": "We're Here to Help", "podcast_uri": "spotify:show:4J3UybFDArcDcxJPKj0OyH", "podcast_id": "4J3UybFDArcDcxJPKj0OyH", "release_date": "8/22/23", "duration": 26, "uri": "spotify:episode:1uRiX4hCWYfGF3E5glVPZU", "image": "https://i.scdn.co/image/ab67656300005f1f26dd40d93d25a0e50dc8a60e"}, {"name": "We're Here to Help Trailer", "podcast_name": "We're Here to Help", "podcast_uri": "spotify:show:4J3UybFDArcDcxJPKj0OyH", "podcast_id": "4J3UybFDArcDcxJPKj0OyH", "release_date": "8/15/23", "duration": 1, "uri": "spotify:episode:5Tb7Vft5XcfqXH6vgHouo5", "image": "https://i.scdn.co/image/ab67656300005f1f26dd40d93d25a0e50dc8a60e"}, {"name": "145. The English Revolution (Part 1)", "podcast_name": "HI101", "podcast_uri": "spotify:show:0s73XXSzFfyvcjMwkROmtV", "podcast_id": "0s73XXSzFfyvcjMwkROmtV", "release_date": "3/05/23", "duration": 145, "uri": "spotify:episode:4H3lNc6UOhNf0sZTxRmnaR", "image": "https://i.scdn.co/image/3f063b1f0bc9ee9778618ae245fc4a1e61a591d4"}, {"name": "Show 69 - Twilight of the Aesir", "podcast_name": "Dan Carlin's Hardcore History", "podcast_uri": "spotify:show:72qiPaoDRf8HkGKEChvG5q", "podcast_id": "72qiPaoDRf8HkGKEChvG5q", "release_date": "1/16/23", "duration": 314, "uri": "spotify:episode:1GB5qlcfPfBraZxBTIC0QC", "image": "https://i.scdn.co/image/ab67656300005f1f7c6cd58cabc70f9747a86441"}, {"name": "144. Money", "podcast_name": "HI101", "podcast_uri": "spotify:show:0s73XXSzFfyvcjMwkROmtV", "podcast_id": "0s73XXSzFfyvcjMwkROmtV", "release_date": "11/20/22", "duration": 154, "uri": "spotify:episode:6v8lQv53qm56myEz9cCezO", "image": "https://i.scdn.co/image/3f063b1f0bc9ee9778618ae245fc4a1e61a591d4"}, {"name": "143. The Klondike Gold Rush", "podcast_name": "HI101", "podcast_uri": "spotify:show:0s73XXSzFfyvcjMwkROmtV", "podcast_id": "0s73XXSzFfyvcjMwkROmtV", "release_date": "9/05/22", "duration": 147, "uri": "spotify:episode:3xBLSX9Vn9UIuBhwO38NiZ", "image": "https://i.scdn.co/image/3f063b1f0bc9ee9778618ae245fc4a1e61a591d4"}, {"name": "142. The Naval Arms Race", "podcast_name": "HI101", "podcast_uri": "spotify:show:0s73XXSzFfyvcjMwkROmtV", "podcast_id": "0s73XXSzFfyvcjMwkROmtV", "release_date": "7/31/22", "duration": 151, "uri": "spotify:episode:1YoXxfgDKVi5jyCDZKsJ0N", "image": "https://i.scdn.co/image/3f063b1f0bc9ee9778618ae245fc4a1e61a591d4"}, {"name": "141. The Kingdom Of Hawaii", "podcast_name": "HI101", "podcast_uri": "spotify:show:0s73XXSzFfyvcjMwkROmtV", "podcast_id": "0s73XXSzFfyvcjMwkROmtV", "release_date": "6/11/22", "duration": 137, "uri": "spotify:episode:1EUO37OvpLk35dGTOH0AuX", "image": "https://i.scdn.co/image/3f063b1f0bc9ee9778618ae245fc4a1e61a591d4"}, {"name": "Show 68 - BLITZ Human Resources", "podcast_name": "Dan Carlin's Hardcore History", "podcast_uri": "spotify:show:72qiPaoDRf8HkGKEChvG5q", "podcast_id": "72qiPaoDRf8HkGKEChvG5q", "release_date": "3/07/22", "duration": 339, "uri": "spotify:episode:76Q5C6lBoYW2TXY6cmQ5n1", "image": "https://i.scdn.co/image/ab67656300005f1f7c6cd58cabc70f9747a86441"}, {"name": "140. Audio Recording", "podcast_name": "HI101", "podcast_uri": "spotify:show:0s73XXSzFfyvcjMwkROmtV", "podcast_id": "0s73XXSzFfyvcjMwkROmtV", "release_date": "2/07/22", "duration": 133, "uri": "spotify:episode:6aW3I02nF2Zm6jaKYblulU", "image": "https://i.scdn.co/image/3f063b1f0bc9ee9778618ae245fc4a1e61a591d4"}, {"name": "Show 67 -  Supernova in the East VI", "podcast_name": "Dan Carlin's Hardcore History", "podcast_uri": "spotify:show:72qiPaoDRf8HkGKEChvG5q", "podcast_id": "72qiPaoDRf8HkGKEChvG5q", "release_date": "6/08/21", "duration": 346, "uri": "spotify:episode:19XDKv5ZtfQJpRv3R61liH", "image": "https://i.scdn.co/image/ab67656300005f1f7c6cd58cabc70f9747a86441"}, {"name": "Show 66 - Supernova in the East V", "podcast_name": "Dan Carlin's Hardcore History", "podcast_uri": "spotify:show:72qiPaoDRf8HkGKEChvG5q", "podcast_id": "72qiPaoDRf8HkGKEChvG5q", "release_date": "11/14/20", "duration": 213, "uri": "spotify:episode:0JyPFxeMC3sZCT1qssDGqB", "image": "https://i.scdn.co/image/ab67656300005f1f7c6cd58cabc70f9747a86441"}, {"name": "Show 65 - Supernova in the East IV", "podcast_name": "Dan Carlin's Hardcore History", "podcast_uri": "spotify:show:72qiPaoDRf8HkGKEChvG5q", "podcast_id": "72qiPaoDRf8HkGKEChvG5q", "release_date": "6/04/20", "duration": 239, "uri": "spotify:episode:26vJ74LfG4fpeYJOsp3nKT", "image": "https://i.scdn.co/image/ab67656300005f1f7c6cd58cabc70f9747a86441"}, {"name": "Show 64 - Supernova in the East III", "podcast_name": "Dan Carlin's Hardcore History", "podcast_uri": "spotify:show:72qiPaoDRf8HkGKEChvG5q", "podcast_id": "72qiPaoDRf8HkGKEChvG5q", "release_date": "10/26/19", "duration": 294, "uri": "spotify:episode:0EfH5ab5tffoTI8GIUyWSa", "image": "https://i.scdn.co/image/ab67656300005f1f7c6cd58cabc70f9747a86441"}, {"name": "Show 63 - Supernova in the East II", "podcast_name": "Dan Carlin's Hardcore History", "podcast_uri": "spotify:show:72qiPaoDRf8HkGKEChvG5q", "podcast_id": "72qiPaoDRf8HkGKEChvG5q", "release_date": "1/12/19", "duration": 245, "uri": "spotify:episode:1lkQ10FIzzATYqr2TCtXow", "image": "https://i.scdn.co/image/ab67656300005f1f7c6cd58cabc70f9747a86441"}, {"name": "Special Episode: The End Of The Gladiators", "podcast_name": "The Fall of Rome Podcast", "podcast_uri": "spotify:show:4uxl02KkkbvH8kYxWtKs8b", "podcast_id": "4uxl02KkkbvH8kYxWtKs8b", "release_date": "10/30/16", "duration": 19, "uri": "spotify:episode:1g0kJ8NES9cripQES5QNcJ", "image": "https://i.scdn.co/image/173eaf624a1be62414c8c34c683dfce947ce1c92"}, {"name": "7: The Three Transformations Of Roman Gaul", "podcast_name": "The Fall of Rome Podcast", "podcast_uri": "spotify:show:4uxl02KkkbvH8kYxWtKs8b", "podcast_id": "4uxl02KkkbvH8kYxWtKs8b", "release_date": "10/20/16", "duration": 56, "uri": "spotify:episode:02lWRpaHqzozJ5UBUYPHXi", "image": "https://i.scdn.co/image/173eaf624a1be62414c8c34c683dfce947ce1c92"}, {"name": "6: The Catastrophic Fall Of Roman Britain", "podcast_name": "The Fall of Rome Podcast", "podcast_uri": "spotify:show:4uxl02KkkbvH8kYxWtKs8b", "podcast_id": "4uxl02KkkbvH8kYxWtKs8b", "release_date": "10/01/16", "duration": 49, "uri": "spotify:episode:2QZqQwW5w3PVQRJQFljjLh", "image": "https://i.scdn.co/image/173eaf624a1be62414c8c34c683dfce947ce1c92"}, {"name": "5: Just How Screwed Up Was the Later Roman Empire?", "podcast_name": "The Fall of Rome Podcast", "podcast_uri": "spotify:show:4uxl02KkkbvH8kYxWtKs8b", "podcast_id": "4uxl02KkkbvH8kYxWtKs8b", "release_date": "9/15/16", "duration": 46, "uri": "spotify:episode:2zNk1e9LMwgNdZmhrj7UA6", "image": "https://i.scdn.co/image/173eaf624a1be62414c8c34c683dfce947ce1c92"}, {"name": "4: The Gothic Sack of Rome", "podcast_name": "The Fall of Rome Podcast", "podcast_uri": "spotify:show:4uxl02KkkbvH8kYxWtKs8b", "podcast_id": "4uxl02KkkbvH8kYxWtKs8b", "release_date": "9/03/16", "duration": 47, "uri": "spotify:episode:340UO6QPssMA6vokP2fJGD", "image": "https://i.scdn.co/image/173eaf624a1be62414c8c34c683dfce947ce1c92"}, {"name": "3: The Goths and the Beginning of Rome's End", "podcast_name": "The Fall of Rome Podcast", "podcast_uri": "spotify:show:4uxl02KkkbvH8kYxWtKs8b", "podcast_id": "4uxl02KkkbvH8kYxWtKs8b", "release_date": "8/27/16", "duration": 42, "uri": "spotify:episode:592yGkKS9PSmChXkYqS3Hc", "image": "https://i.scdn.co/image/173eaf624a1be62414c8c34c683dfce947ce1c92"}, {"name": "2: The Barbarian World", "podcast_name": "The Fall of Rome Podcast", "podcast_uri": "spotify:show:4uxl02KkkbvH8kYxWtKs8b", "podcast_id": "4uxl02KkkbvH8kYxWtKs8b", "release_date": "8/12/16", "duration": 40, "uri": "spotify:episode:5bFYN1Eq2LJMcrzicT6gtT", "image": "https://i.scdn.co/image/173eaf624a1be62414c8c34c683dfce947ce1c92"}, {"name": "1: Introduction", "podcast_name": "The Fall of Rome Podcast", "podcast_uri": "spotify:show:4uxl02KkkbvH8kYxWtKs8b", "podcast_id": "4uxl02KkkbvH8kYxWtKs8b", "release_date": "8/05/16", "duration": 37, "uri": "spotify:episode:01SFNfBt0CmLGsO6cjejP1", "image": "https://i.scdn.co/image/173eaf624a1be62414c8c34c683dfce947ce1c92"}, {"name": "1.6- The Solemn League And Covenant", "podcast_name": "Revolutions", "podcast_uri": "spotify:show:05lvdf9T77KE6y4gyMGEsD", "podcast_id": "05lvdf9T77KE6y4gyMGEsD", "release_date": "10/21/13", "duration": 27, "uri": "spotify:episode:1uYJ5pK7O7mtXIjTbmV97e", "image": "https://i.scdn.co/image/ab67656300005f1fe4e166660208f9e100cc69cb"}, {"name": "1.5a- Supplemental- The Armies", "podcast_name": "Revolutions", "podcast_uri": "spotify:show:05lvdf9T77KE6y4gyMGEsD", "podcast_id": "05lvdf9T77KE6y4gyMGEsD", "release_date": "10/13/13", "duration": 13, "uri": "spotify:episode:6g6YnCAyHEGYm9WbahMtpm", "image": "https://i.scdn.co/image/ab67656300005f1fe4e166660208f9e100cc69cb"}, {"name": "1.5- Cavaliers and Roundheads", "podcast_name": "Revolutions", "podcast_uri": "spotify:show:05lvdf9T77KE6y4gyMGEsD", "podcast_id": "05lvdf9T77KE6y4gyMGEsD", "release_date": "10/13/13", "duration": 27, "uri": "spotify:episode:2wd0ZdRU6NURDXaWgSSxL4", "image": "https://i.scdn.co/image/ab67656300005f1fe4e166660208f9e100cc69cb"}, {"name": "1.4- The Long Parliament", "podcast_name": "Revolutions", "podcast_uri": "spotify:show:05lvdf9T77KE6y4gyMGEsD", "podcast_id": "05lvdf9T77KE6y4gyMGEsD", "release_date": "10/07/13", "duration": 26, "uri": "spotify:episode:6XQWqy0S5cgVEicsohXMz3", "image": "https://i.scdn.co/image/ab67656300005f1fe4e166660208f9e100cc69cb"}, {"name": "1.3- The Bishops' Wars", "podcast_name": "Revolutions", "podcast_uri": "spotify:show:05lvdf9T77KE6y4gyMGEsD", "podcast_id": "05lvdf9T77KE6y4gyMGEsD", "release_date": "9/30/13", "duration": 27, "uri": "spotify:episode:6hnynaCIZMTL8c0gxBtVtN", "image": "https://i.scdn.co/image/ab67656300005f1fe4e166660208f9e100cc69cb"}, {"name": "1.2- Personal Rule", "podcast_name": "Revolutions", "podcast_uri": "spotify:show:05lvdf9T77KE6y4gyMGEsD", "podcast_id": "05lvdf9T77KE6y4gyMGEsD", "release_date": "9/23/13", "duration": 24, "uri": "spotify:episode:3aCvLylqRPfPqdnG1SIwbk", "image": "https://i.scdn.co/image/ab67656300005f1fe4e166660208f9e100cc69cb"}, {"name": "0.0- Introduction", "podcast_name": "Revolutions", "podcast_uri": "spotify:show:05lvdf9T77KE6y4gyMGEsD", "podcast_id": "05lvdf9T77KE6y4gyMGEsD", "release_date": "9/15/13", "duration": 10, "uri": "spotify:episode:6ICvwt8LafsEkYq3FW9wzD", "image": "https://i.scdn.co/image/ab67656300005f1fe4e166660208f9e100cc69cb"}, {"name": "1.1- The Kingdoms of Charles Stuart", "podcast_name": "Revolutions", "podcast_uri": "spotify:show:05lvdf9T77KE6y4gyMGEsD", "podcast_id": "05lvdf9T77KE6y4gyMGEsD", "release_date": "9/15/13", "duration": 24, "uri": "spotify:episode:0eZQqKmaAco6w8BRMVhVyz", "image": "https://i.scdn.co/image/ab67656300005f1fe4e166660208f9e100cc69cb"}]