[{"name": "Behind the Bastards", "description": "There\u2019s a reason the History Channel has produced hundreds of documentaries about Hitler but only a few about Dwight D. Eisenhower. Bad guys (and gals) are eternally fascinating. Behind the Bastards dives in past the Cliffs Notes of the worst humans in history and exposes the bizarre realities of their lives. Listeners will learn about the young adult novels that helped Hitler form his monstrous ideology, the founder of Blackwater\u2019s insane quest to build his own Air Force, the bizarre lives of the sons and daughters of dictators and Saddam Hussein\u2019s side career as a trashy romance novelist.", "html_description": "There\u2019s a reason the History Channel has produced hundreds of documentaries about Hitler but only a few about Dwight D. Eisenhower. Bad guys (and gals) are eternally fascinating. Behind the Bastards dives in past the Cliffs Notes of the worst humans in history and exposes the bizarre realities of their lives. Listeners will learn about the young adult novels that helped Hitler form his monstrous ideology, the founder of Blackwater\u2019s insane quest to build his own Air Force, the bizarre lives of the sons and daughters of dictators and Saddam Hussein\u2019s side career as a trashy romance novelist.", "uri": "spotify:show:0rOatMqaG3wB5BF4AdsrSX", "image": "https://i.scdn.co/image/ab67656300005f1f924810d8d6c548c913b44551", "num_episodes": 797, "id": "0rOatMqaG3wB5BF4AdsrSX"}, {"name": "Dan Carlin's Hardcore History", "description": "In \"Hardcore History\" the very unconventional Dan Carlin takes his \"Martian\", outside-the-box way of thinking and applies it to the past. Was Alexander the Great as bad a person as Adolf Hitler? What would Apaches with modern weapons be like? Will our modern civilization ever fall like civilizations from past eras? This is a difficult-to-classify show that has a rather sharp edge.", "html_description": "In &#34;Hardcore History&#34; the very unconventional Dan Carlin takes his &#34;Martian&#34;, outside-the-box way of thinking and applies it to the past. Was Alexander the Great as bad a person as Adolf Hitler? What would Apaches with modern weapons be like? Will our modern civilization ever fall like civilizations from past eras? This is a difficult-to-classify show that has a rather sharp edge.", "uri": "spotify:show:72qiPaoDRf8HkGKEChvG5q", "image": "https://i.scdn.co/image/ab67656300005f1f7c6cd58cabc70f9747a86441", "num_episodes": 15, "id": "72qiPaoDRf8HkGKEChvG5q"}, {"name": "Fullcast After Dark", "description": "Shutdown After Dark is the live online afterparty for college football, featuring the crew of the Shutdown Fullcast. It is a chaotic rundown of a chaotic day, focusing as much on the fans and surrounding hullabaloo of the sport as on the games themselves. It goes live when the last big game of the weekend wraps, and ends when we're done. It might be an hour long, or it might be two, depending on how much we've got to discuss, and whatever guests we take hostage along the way.", "html_description": "<p>Shutdown After Dark is the live online afterparty for college football, featuring the crew of the Shutdown Fullcast. It is a chaotic rundown of a chaotic day, focusing as much on the fans and surrounding hullabaloo of the sport as on the games themselves. It goes live when the last big game of the weekend wraps, and ends when we&#39;re done. It might be an hour long, or it might be two, depending on how much we&#39;ve got to discuss, and whatever guests we take hostage along the way.</p>", "uri": "spotify:show:2YPCDx0DdEY157zKDYk8Ox", "image": "https://i.scdn.co/image/ab67656300005f1f9f0208ff3f5cba87d1eb7bba", "num_episodes": 43, "id": "2YPCDx0DdEY157zKDYk8Ox"}, {"name": "HI101", "description": "Conversational history with a focus on narrative", "html_description": "Conversational history with a focus on narrative", "uri": "spotify:show:0s73XXSzFfyvcjMwkROmtV", "image": "https://i.scdn.co/image/3f063b1f0bc9ee9778618ae245fc4a1e61a591d4", "num_episodes": 157, "id": "0s73XXSzFfyvcjMwkROmtV"}, {"name": "Our Fake History", "description": "A podcast about myths we think are history and history that might be hidden in myths! Awesome stories that really (maybe) happened!", "html_description": "A podcast about myths we think are history and history that might be hidden in myths! Awesome stories that really (maybe) happened!", "uri": "spotify:show:3Lk9LufHHM9AzVoyYvcI7R", "image": "https://i.scdn.co/image/08a10196e89555fd4d8d6045711256726cc4a078", "num_episodes": 226, "id": "3Lk9LufHHM9AzVoyYvcI7R"}, {"name": "Revolutions", "description": "A weekly podcast series examining great political revolutions. Now: The French Revolution. Next: The Haitian Revolution.", "html_description": "A weekly podcast series examining great political revolutions. Now: The French Revolution. Next: The Haitian Revolution.", "uri": "spotify:show:05lvdf9T77KE6y4gyMGEsD", "image": "https://i.scdn.co/image/ab67656300005f1fe4e166660208f9e100cc69cb", "num_episodes": 368, "id": "05lvdf9T77KE6y4gyMGEsD"}, {"name": "Shutdown Fullcast", "description": "The Shutdown Fullcast, the world's only college football podcast, is only about college football when there are no weirder topics available. However, there are not many topics weirder than college football. Hosted by Spencer Hall, Jason Kirk, and friends.", "html_description": "<p>The Shutdown Fullcast, the world&#39;s only college football podcast, is only about college football when there are no weirder topics available. However, there are not many topics weirder than college football. Hosted by Spencer Hall, Jason Kirk, and friends.</p>", "uri": "spotify:show:4RnuFiR6Q2AJovur2vLTvE", "image": "https://i.scdn.co/image/ab67656300005f1f7452a17142f740f5d24cc801", "num_episodes": 699, "id": "4RnuFiR6Q2AJovur2vLTvE"}, {"name": "Soul Boom", "description": "Soul Boom is a series of intimate conversations hosted by Rainn Wilson exploring meaningful and inspiring topics that tickle the mind, heart and soul. Never too precious, yet unafraid to touch on the profound, Soul Boom digs into the core of the human experience: creativity, spirituality and psychology. Bringing to the conversation some of the most brilliant and heart-felt artists, thinkers and doers, Soul Boom guides the listener toward transformation on both a personal and societal level. Also, laughs.\u00a0", "html_description": "<p>Soul Boom is a series of intimate conversations hosted by Rainn Wilson exploring meaningful and inspiring topics that tickle the mind, heart and soul. Never too precious, yet unafraid to touch on the profound, Soul Boom digs into the core of the human experience: creativity, spirituality and psychology. Bringing to the conversation some of the most brilliant and heart-felt artists, thinkers and doers, Soul Boom guides the listener toward transformation on both a personal and societal level. Also, laughs.\u00a0</p>", "uri": "spotify:show:3IcR07iNbmI7rZiuJpi32d", "image": "https://i.scdn.co/image/ab67656300005f1f5126803616f40573e21888c5", "num_episodes": 5, "id": "3IcR07iNbmI7rZiuJpi32d"}, {"name": "The Dollop with Dave Anthony and Gareth Reynolds", "description": "Comedians Dave Anthony and Gareth Reynolds picks a subject from history and examine it.", "html_description": "<p>Comedians Dave Anthony and Gareth Reynolds picks a subject from history and examine it.</p>", "uri": "spotify:show:3m9c2ibJOYiigvVuswYSgU", "image": "https://i.scdn.co/image/ab67656300005f1f4f13a929f01312b1cf7b7d6a", "num_episodes": 699, "id": "3m9c2ibJOYiigvVuswYSgU"}, {"name": "The Fall of Rome Podcast", "description": "Barbarians, political breakdown, economic collapse, mass migration, pillaging and plunder. The fall of the Roman Empire has been studied for years, but genetics, climate science, forensic science, network models, and globalization studies have reshaped our understanding of one of the most important events in human history. PhD historian and specialist Patrick Wyman brings the cutting edge of history to listeners in plain, relatable English.", "html_description": "<p>Barbarians, political breakdown, economic collapse, mass migration, pillaging and plunder. The fall of the Roman Empire has been studied for years, but genetics, climate science, forensic science, network models, and globalization studies have reshaped our understanding of one of the most important events in human history. PhD historian and specialist Patrick Wyman brings the cutting edge of history to listeners in plain, relatable English.</p>", "uri": "spotify:show:4uxl02KkkbvH8kYxWtKs8b", "image": "https://i.scdn.co/image/173eaf624a1be62414c8c34c683dfce947ce1c92", "num_episodes": 34, "id": "4uxl02KkkbvH8kYxWtKs8b"}, {"name": "The Red Line", "description": "Three experts, one Story. Each fortnight we host a panel of international experts diving into the biggest geopolitical stories shaping the news both here and overseas.   Hosted by Michael Hilliard", "html_description": "Three experts, one Story. Each fortnight we host a panel of international experts diving into the biggest geopolitical stories shaping the news both here and overseas. <br/>Hosted by Michael Hilliard", "uri": "spotify:show:22smMRbnKv1fFzqnz5Ty1L", "image": "https://i.scdn.co/image/ab67656300005f1fde9cd2264786420ed52e4205", "num_episodes": 123, "id": "22smMRbnKv1fFzqnz5Ty1L"}, {"name": "Tides of History", "description": "Everywhere around us are echoes of the past. Those echoes define the boundaries of states and countries, how we pray and how we fight. They determine what money we spend and how we earn it at work, what language we speak and how we raise our children. From Wondery, host Patrick Wyman, PhD (\u201cFall Of Rome\u201d) helps us understand our world and how it got to be the way it is.New episodes come out Thursdays for free, with 1-week early access for Wondery+ subscribers. Listen ad-free on Wondery+ or on Amazon Music with a Prime membership or Amazon Music Unlimited subscription.", "html_description": "<p>Everywhere around us are echoes of the past. Those echoes define the boundaries of states and countries, how we pray and how we fight. They determine what money we spend and how we earn it at work, what language we speak and how we raise our children. From Wondery, host Patrick Wyman, PhD (\u201cFall Of Rome\u201d) helps us understand our world and how it got to be the way it is.</p><p>New episodes come out Thursdays for free, with 1-week early access for Wondery&#43; subscribers. Listen ad-free on Wondery&#43; or on Amazon Music with a Prime membership or Amazon Music Unlimited subscription.</p>", "uri": "spotify:show:5HfIy3oLUOVwxMiCTi2Qos", "image": "https://i.scdn.co/image/ab67656300005f1fa1e7e20c17d3a9f14cc85475", "num_episodes": 281, "id": "5HfIy3oLUOVwxMiCTi2Qos"}, {"name": "We're Here to Help", "description": "Jake Johnson (New Girl, Spider-Man: Across the Spider-Verse) and Gareth Reynolds (The Dollop) don't feel qualified to give strangers good advice. Most of their friendship over the last 15 years has been based around dumb bits, but they do (for better or worse) want to try to help people out. Like your friendly local bartender or your tipsy uncle at a family gathering, Jake and Gareth are on the caller's side and trying to help.\u00a0 Each episode, the guys make several pitches to callers (whose questions range from trivial to serious) with their best attempts of advice. They can't promise their suggestions will be perfect, but it will be the best they've got.\u00a0 Jake and Gareth also occasionally bring on a friend, peer or even an expert to help along the way.  Want to call in? Email your question to helpfulpod@gmail.com.", "html_description": "Jake Johnson (New Girl, Spider-Man: Across the Spider-Verse) and Gareth Reynolds (The Dollop) don&#39;t feel qualified to give strangers good advice. Most of their friendship over the last 15 years has been based around dumb bits, but they do (for better or worse) want to try to help people out. Like your friendly local bartender or your tipsy uncle at a family gathering, Jake and Gareth are on the caller&#39;s side and trying to help.\u00a0 Each episode, the guys make several pitches to callers (whose questions range from trivial to serious) with their best attempts of advice. They can&#39;t promise their suggestions will be perfect, but it will be the best they&#39;ve got.\u00a0 Jake and Gareth also occasionally bring on a friend, peer or even an expert to help along the way.<br/>Want to call in? Email your question to helpfulpod&#64;gmail.com.", "uri": "spotify:show:4J3UybFDArcDcxJPKj0OyH", "image": "https://i.scdn.co/image/ab67656300005f1f26dd40d93d25a0e50dc8a60e", "num_episodes": 76, "id": "4J3UybFDArcDcxJPKj0OyH"}, {"name": "What Now? with Trevor Noah", "description": "Hear Trevor Noah in a way you\u2019ve never heard him before. \u201cWhat Now? with Trevor Noah\u201d is a show wherein each episode Trevor will go deep with a special guest, including entertainers, CEOs, actors, athletes, and thought leaders. These are the kind of conversations that happen behind the scenes, full of radical candor, authentic back-and-forths, and honest reactions, with Trevor bringing to bear his classic, effortlessly playful and equally probing style. Produced by Spotify Studios in partnership with Day Zero Productions and Fulwell 73.", "html_description": "<p>Hear Trevor Noah in a way you\u2019ve never heard him before. \u201cWhat Now? with Trevor Noah\u201d is a show wherein each episode Trevor will go deep with a special guest, including entertainers, CEOs, actors, athletes, and thought leaders. These are the kind of conversations that happen behind the scenes, full of radical candor, authentic back-and-forths, and honest reactions, with Trevor bringing to bear his classic, effortlessly playful and equally probing style. Produced by Spotify Studios in partnership with Day Zero Productions and Fulwell 73.</p>", "uri": "spotify:show:122imavATqSE7eCyXIcqZL", "image": "https://i.scdn.co/image/ab67656300005f1f1426bf2a361283f74f57d3c9", "num_episodes": 27, "id": "122imavATqSE7eCyXIcqZL"}]